MUNICIPIO;Total de Casos;MUNICIPIO;Tipo de Poblacion;Cantidad de Poblaciòn;Poblacion Afectada
CARTAGENA;104;CARTAGENA;Urbano;1057767,00;0,010%
BOGOTÁ, D.C.;884;BOGOTÁ, D.C.;Urbano;8380801,00;0,011%
BUCARAMANGA;70;BUCARAMANGA;Urbano;528572,00;0,013%
SANTANDER DE QUILICHAO;24;SANTANDER DE QUILICHAO;Urbano;100681,00;0,024%
MONTELÍBANO;13;MONTELÍBANO;Urbano;90450,00;0,014%
SAN CARLOS DE GUAROA;4;SAN CARLOS DE GUAROA;Urbano;11474,00;0,035%
POPAYÁN;41;POPAYÁN;Urbano;288636,00;0,014%
MONTERÍA;23;MONTERÍA;Urbano;471867,00;0,005%
SANTA MARTA;75;SANTA MARTA;Urbano;524031,00;0,014%
MONTENEGRO;3;MONTENEGRO;Urbano;41996,00;0,007%
CALI;444;CALI;Urbano;2496346,00;0,018%
SAN FRANCISCO;4;SAN FRANCISCO;Urbano;4825,00;0,083%
TAURAMENA;1;TAURAMENA;Urbano;25450,00;0,004%
ANAPOIMA;2;ANAPOIMA;Urbano;14331,00;0,014%
VILLAVICENCIO;53;VILLAVICENCIO;Urbano;538527,00;0,010%
SANTIAGO;2;SANTIAGO;Urbano;2901,00;0,069%
BUENAVENTURA;33;BUENAVENTURA;Urbano;440995,00;0,007%
CURUMANÍ;5;CURUMANÍ;Urbano;22673,00;0,022%
URUMITA;1;URUMITA;Urbano;20035,00;0,005%
SOLEDAD;35;SOLEDAD;Urbano;700970,00;0,005%
TUNJA;10;TUNJA;Urbano;206791,00;0,005%
MAICAO;13;MAICAO;Urbano;168658,00;0,008%
TIERRALTA;7;TIERRALTA;Urbano;112206,00;0,006%
BELLO;28;BELLO;Urbano;500098,00;0,006%
PÁCORA;10;PÁCORA;Urbano;10608,00;0,094%
MEDELLÍN;215;MEDELLÍN;Urbano;2569007,00;0,008%
EL BAGRE;2;EL BAGRE;Urbano;51150,00;0,004%
BARRANQUILLA;86;BARRANQUILLA;Urbano;1239804,00;0,007%
EL CARMEN DE BOLÍVAR;3;EL CARMEN DE BOLÍVAR;Urbano;79606,00;0,004%
ARGELIA;8;ARGELIA;Urbano;8036,00;0,100%
VALLEDUPAR;41;VALLEDUPAR;Urbano;503444,00;0,008%
QUIBDO;28;QUIBDO;Urbano;116322,00;0,024%
CERETÉ;6;CERETÉ;Urbano;94935,00;0,006%
CIÉNAGA;14;CIÉNAGA;Urbano;105807,00;0,013%
FUNDACIÓN;24;FUNDACIÓN;Urbano;57677,00;0,042%
PUERTO GAITÁN;15;PUERTO GAITÁN;Urbano;19113,00;0,078%
LEJANÍAS;8;LEJANÍAS;Urbano;9229,00;0,087%
TUMACO;13;TUMACO;Urbano;221469,00;0,006%
ARMENIA;30;ARMENIA;Urbano;3765,00;0,797%
FRESNO;3;FRESNO;Urbano;29663,00;0,010%
LA UNIÓN;9;LA UNIÓN;Urbano;19588,00;0,046%
JAMUNDÍ;11;JAMUNDÍ;Urbano;132540,00;0,008%
PALMIRA;46;PALMIRA;Urbano;314418,00;0,015%
TADÓ;3;TADÓ;Urbano;19233,00;0,016%
YOPAL;17;YOPAL;Urbano;155882,00;0,011%
SUESCA;3;SUESCA;Urbano;19113,00;0,016%
PEREIRA;35;PEREIRA;Urbano;481129,00;0,007%
APARTADÓ;9;APARTADÓ;Urbano;206885,00;0,004%
ITUANGO;3;ITUANGO;Urbano;19222,00;0,016%
TOPAIPÍ;3;TOPAIPÍ;Urbano;4462,00;0,067%
FUSAGASUGÁ;3;FUSAGASUGÁ;Urbano;147631,00;0,002%
CÚCUTA;30;CÚCUTA;Urbano;680765,00;0,004%
FLORIDA;7;FLORIDA;Urbano;59207,00;0,012%
JERICÓ;2;JERICÓ;Urbano;11679,00;0,017%
LA ESTRELLA;16;LA ESTRELLA;Urbano;67254,00;0,024%
TURBO;9;TURBO;Urbano;181377,00;0,005%
LIBORINA;2;LIBORINA;Urbano;9601,00;0,021%
SABANETA;4;SABANETA;Urbano;55230,00;0,007%
CAMPO DE LA CRUZ;1;CAMPO DE LA CRUZ;Urbano;14659,00;0,007%
JUAN DE ACOSTA;1;JUAN DE ACOSTA;Urbano;17925,00;0,006%
SAN PABLO;4;SAN PABLO;Urbano;37160,00;0,011%
ARJONA;4;ARJONA;Urbano;79472,00;0,005%
SOGAMOSO;12;SOGAMOSO;Urbano;110885,00;0,011%
AGUAZUL;6;AGUAZUL;Urbano;44381,00;0,014%
PATÍA;2;PATÍA;Urbano;37781,00;0,005%
EL PASO;4;EL PASO;Urbano;23699,00;0,017%
AGUACHICA;10;AGUACHICA;Urbano;97525,00;0,010%
ALTO BAUDO;1;ALTO BAUDO;Urbano;41785,00;0,002%
SAN BERNARDO DEL VIENTO;2;SAN BERNARDO DEL VIENTO;Urbano;36512,00;0,005%
EL RETORNO;4;EL RETORNO;Urbano;24978,00;0,016%
GUADALUPE;4;GUADALUPE;Urbano;6330,00;0,063%
FONSECA;3;FONSECA;Urbano;35611,00;0,008%
PLATO;11;PLATO;Urbano;62904,00;0,017%
ARIGUANÍ;5;ARIGUANÍ;Urbano;32758,00;0,015%
ARACATACA;2;ARACATACA;Urbano;41872,00;0,005%
RESTREPO;11;RESTREPO;Urbano;10715,00;0,103%
ACACÍAS;3;ACACÍAS;Urbano;76873,00;0,004%
LA MACARENA;2;LA MACARENA;Urbano;37804,00;0,005%
PASTO;30;PASTO;Urbano;465148,00;0,006%
TIBÚ;12;TIBÚ;Urbano;37455,00;0,032%
SANTUARIO;2;SANTUARIO;Urbano;15901,00;0,013%
BOLÍVAR;5;BOLÍVAR;Urbano;44864,00;0,011%
GUACA;1;GUACA;Urbano;6174,00;0,016%
GIRÓN;10;GIRÓN;Urbano;206005,00;0,005%
GÜEPSA;2;GÜEPSA;Urbano;3661,00;0,055%
SAN JUAN DE BETULIA;2;SAN JUAN DE BETULIA;Urbano;12607,00;0,016%
GUADALAJARA DE BUGA;8;GUADALAJARA DE BUGA;Urbano;114053,00;0,007%
MALAMBO;9;MALAMBO;Urbano;131083,00;0,007%
EL ROSAL;3;EL ROSAL;Urbano;19253,00;0,016%
PAIME;1;PAIME;Urbano;4091,00;0,024%
COPACABANA;14;COPACABANA;Urbano;74408,00;0,019%
LURUACO;3;LURUACO;Urbano;28578,00;0,010%
SAN LUIS;5;SAN LUIS;Urbano;10908,00;0,046%
ANDES;3;ANDES;Urbano;47747,00;0,006%
ARAUCA;18;ARAUCA;Urbano;94377,00;0,019%
MONIQUIRÁ;1;MONIQUIRÁ;Urbano;21131,00;0,005%
CANALETE;3;CANALETE;Urbano;23992,00;0,013%
SOACHA;38;SOACHA;Urbano;567546,00;0,007%
LA PLATA;1;LA PLATA;Urbano;68372,00;0,001%
LOS PATIOS;6;LOS PATIOS;Urbano;81122,00;0,007%
SUCRE;5;SUCRE;Urbano;8837,00;0,057%
SAN GIL;3;SAN GIL;Urbano;46152,00;0,007%
RIOBLANCO;6;RIOBLANCO;Urbano;24039,00;0,025%
LÉRIDA;5;LÉRIDA;Urbano;16624,00;0,030%
NEIRA;2;NEIRA;Urbano;31630,00;0,006%
VALPARAÍSO;1;VALPARAÍSO;Urbano;6061,00;0,016%
SUAZA;3;SUAZA;Urbano;21677,00;0,014%
FLORIÁN;1;FLORIÁN;Urbano;6259,00;0,016%
SINCELEJO;12;SINCELEJO;Urbano;294599,00;0,004%
RIOFRÍO;5;RIOFRÍO;Urbano;13569,00;0,037%
FLORIDABLANCA;20;FLORIDABLANCA;Urbano;267936,00;0,007%
RIOHACHA;12;RIOHACHA;Urbano;304987,00;0,004%
PUENTE NACIONAL;2;PUENTE NACIONAL;Urbano;11539,00;0,017%
SEGOVIA;6;SEGOVIA;Urbano;42716,00;0,014%
PEQUE;3;PEQUE;Urbano;11591,00;0,026%
TARAZÁ;5;TARAZÁ;Urbano;48926,00;0,010%
SANTA ROSA;3;SANTA ROSA;Urbano;25237,00;0,012%
SANTA ROSA DEL SUR;1;SANTA ROSA DEL SUR;Urbano;47085,00;0,002%
AQUITANIA;3;AQUITANIA;Urbano;14256,00;0,021%
CÓMBITA;1;CÓMBITA;Urbano;15533,00;0,006%
QUÍPAMA;1;QUÍPAMA;Urbano;7376,00;0,014%
MANIZALES;23;MANIZALES;Urbano;402646,00;0,006%
CURILLO;1;CURILLO;Urbano;11920,00;0,008%
CARTAGENA DEL CHAIRÁ;5;CARTAGENA DEL CHAIRÁ;Urbano;35993,00;0,014%
SAN VICENTE DEL CAGUÁN;8;SAN VICENTE DEL CAGUÁN;Urbano;74191,00;0,011%
CALOTO;1;CALOTO;Urbano;17748,00;0,006%
BUENOS AIRES;7;BUENOS AIRES;Urbano;35197,00;0,020%
ALMAGUER;2;ALMAGUER;Urbano;21391,00;0,009%
PUERTO TEJADA;9;PUERTO TEJADA;Urbano;46215,00;0,019%
CORINTO;6;CORINTO;Urbano;33846,00;0,018%
MERCADERES;3;MERCADERES;Urbano;18297,00;0,016%
VILLA RICA;5;VILLA RICA;Urbano;17134,00;0,029%
CALDONO;4;CALDONO;Urbano;34348,00;0,012%
SAN ALBERTO;5;SAN ALBERTO;Urbano;27025,00;0,019%
AGUSTÍN CODAZZI;7;AGUSTÍN CODAZZI;Urbano;48805,00;0,014%
ACANDÍ;1;ACANDÍ;Urbano;9160,00;0,011%
ISTMINA;4;ISTMINA;Urbano;26133,00;0,015%
LA APARTADA;2;LA APARTADA;Urbano;16576,00;0,012%
PUERTO LIBERTADOR;3;PUERTO LIBERTADOR;Urbano;55622,00;0,005%
PARATEBUENO;1;PARATEBUENO;Urbano;7861,00;0,013%
SUBACHOQUE;2;SUBACHOQUE;Urbano;17712,00;0,011%
SAN MARTÍN;7;SAN MARTÍN;Urbano;19015,00;0,037%
FRANCISCO PIZARRO;2;FRANCISCO PIZARRO;Urbano;17455,00;0,011%
SAMANIEGO;3;SAMANIEGO;Urbano;49085,00;0,006%
EL TARRA;3;EL TARRA;Urbano;11075,00;0,027%
PUERTO ASÍS;16;PUERTO ASÍS;Urbano;63953,00;0,025%
BELÉN DE UMBRÍA;3;BELÉN DE UMBRÍA;Urbano;27724,00;0,011%
PIEDECUESTA;8;PIEDECUESTA;Urbano;166971,00;0,005%
MARIQUITA;4;MARIQUITA;Urbano;33348,00;0,012%
IBAGUÉ;120;IBAGUÉ;Urbano;579803,00;0,021%
SAN ANTONIO;1;SAN ANTONIO;Urbano;13974,00;0,007%
TULUÁ;14;TULUÁ;Urbano;224257,00;0,006%
MITÚ;2;MITÚ;Urbano;33079,00;0,006%
ANORÍ;2;ANORÍ;Urbano;18166,00;0,011%
SAN ANDRÉS;6;SAN ANDRÉS;Urbano;7986,00;0,075%
CANTAGALLO;3;CANTAGALLO;Urbano;10053,00;0,030%
VILLAPINZÓN;1;VILLAPINZÓN;Urbano;21380,00;0,005%
EL COLEGIO;5;EL COLEGIO;Urbano;22335,00;0,022%
GRANADA;4;GRANADA;Urbano;9890,00;0,040%
REPELÓN;2;REPELÓN;Urbano;27770,00;0,007%
FLORENCIA;14;FLORENCIA;Urbano;187515,00;0,007%
BAHÍA SOLANO;1;BAHÍA SOLANO;Urbano;9450,00;0,011%
TARAPACÁ;1;TARAPACÁ;Urbano;4398,00;0,023%
SANTA BARBARA;1;SANTA BARBARA;Urbano;2052,00;0,049%
TAME;9;TAME;Urbano;55028,00;0,016%
MAGANGUÉ;9;MAGANGUÉ;Urbano;123986,00;0,007%
PUERTO ESCONDIDO;2;PUERTO ESCONDIDO;Urbano;33670,00;0,006%
LA MESA;4;LA MESA;Urbano;33718,00;0,012%
RIVERA;3;RIVERA;Urbano;19751,00;0,015%
DOSQUEBRADAS;8;DOSQUEBRADAS;Urbano;208646,00;0,004%
ROVIRA;5;ROVIRA;Urbano;20164,00;0,025%
CANDELARIA;14;CANDELARIA;Urbano;12589,00;0,111%
CARTAGO;11;CARTAGO;Urbano;135621,00;0,008%
MARÍA LA BAJA;3;MARÍA LA BAJA;Urbano;49774,00;0,006%
ARCABUCO;1;ARCABUCO;Urbano;5251,00;0,019%
PLANETA RICA;2;PLANETA RICA;Urbano;69708,00;0,003%
MOCOA;20;MOCOA;Urbano;46616,00;0,043%
COROZAL;5;COROZAL;Urbano;64497,00;0,008%
BARRANCA DE UPÍA;3;BARRANCA DE UPÍA;Urbano;4342,00;0,069%
YUMBO;30;YUMBO;Urbano;131593,00;0,023%
ITAGUI;26;ITAGUI;Urbano;282815,00;0,009%
ALEJANDRÍA;1;ALEJANDRÍA;Urbano;3278,00;0,031%
CALAMAR;3;CALAMAR;Urbano;24877,00;0,012%
EL DONCELLO;1;EL DONCELLO;Urbano;22342,00;0,004%
TRINIDAD;3;TRINIDAD;Urbano;16587,00;0,018%
SILVIA;2;SILVIA;Urbano;32769,00;0,006%
LÓPEZ;3;LÓPEZ;Urbano;21019,00;0,014%
MEDINA;2;MEDINA;Urbano;10225,00;0,020%
SAN JOSÉ DEL GUAVIARE;10;SAN JOSÉ DEL GUAVIARE;Urbano;70019,00;0,014%
NEIVA;25;NEIVA;Urbano;350457,00;0,007%
CAMPOALEGRE;5;CAMPOALEGRE;Urbano;35057,00;0,014%
MESETAS;5;MESETAS;Urbano;11589,00;0,043%
PUERTO LÓPEZ;3;PUERTO LÓPEZ;Urbano;35499,00;0,008%
LEIVA;1;LEIVA;Urbano;14878,00;0,007%
MAGÜI;1;MAGÜI;Urbano;26146,00;0,004%
POLICARPA;3;POLICARPA;Urbano;18408,00;0,016%
LA ESPERANZA;5;LA ESPERANZA;Urbano;12609,00;0,040%
SILOS;1;SILOS;Urbano;4050,00;0,025%
SABANA DE TORRES;3;SABANA DE TORRES;Urbano;17772,00;0,017%
LANDÁZURI;3;LANDÁZURI;Urbano;15475,00;0,019%
EL PEÑÓN;2;EL PEÑÓN;Urbano;10538,00;0,019%
SANTA HELENA DEL OPÓN;1;SANTA HELENA DEL OPÓN;Urbano;4238,00;0,024%
RONCESVALLES;2;RONCESVALLES;Urbano;6373,00;0,031%
PALOCABILDO;2;PALOCABILDO;Urbano;9008,00;0,022%
FLANDES;6;FLANDES;Urbano;29550,00;0,020%
LA VICTORIA;3;LA VICTORIA;Rural;1673,00;0,179%
ALCALÁ;3;ALCALÁ;Urbano;23665,00;0,013%
PRADERA;3;PRADERA;Urbano;58717,00;0,005%
FACATATIVÁ;11;FACATATIVÁ;Urbano;144149,00;0,008%
CUMARAL;4;CUMARAL;Urbano;18619,00;0,021%
DUITAMA;5;DUITAMA;Urbano;114877,00;0,004%
SANTA ANA;1;SANTA ANA;Urbano;27615,00;0,004%
YONDÓ;3;YONDÓ;Urbano;20524,00;0,015%
NATAGAIMA;3;NATAGAIMA;Urbano;22255,00;0,013%
PROVIDENCIA;2;PROVIDENCIA;Urbano;13998,00;0,014%
RISARALDA;1;RISARALDA;Urbano;9047,00;0,011%
MANÍ;39;MANÍ;Urbano;11108,00;0,351%
SAN SEBASTIÁN DE BUENAVISTA;3;SAN SEBASTIÁN DE BUENAVISTA;Urbano;17630,00;0,017%
PIVIJAY;2;PIVIJAY;Urbano;33047,00;0,006%
SAN JERÓNIMO;2;SAN JERÓNIMO;Urbano;13057,00;0,015%
CÓRDOBA;1;CÓRDOBA;Urbano;12207,00;0,008%
ZONA BANANERA;4;ZONA BANANERA;Urbano;62806,00;0,006%
PUERTO NARE;2;PUERTO NARE;Urbano;19545,00;0,010%
SALGAR;5;SALGAR;Urbano;17249,00;0,029%
EBÉJICO;1;EBÉJICO;Urbano;12452,00;0,008%
MOMPÓS;6;MOMPÓS;Urbano;45706,00;0,013%
TALAIGUA NUEVO;2;TALAIGUA NUEVO;Urbano;11501,00;0,017%
CHIQUINQUIRÁ;2;CHIQUINQUIRÁ;Urbano;70127,00;0,003%
GUAYATÁ;2;GUAYATÁ;Urbano;4555,00;0,044%
SOTARA;1;SOTARA;Urbano;17674,00;0,006%
TOTORÓ;2;TOTORÓ;Urbano;21565,00;0,009%
EL TAMBO;6;EL TAMBO;Urbano;48226,00;0,012%
TORIBIO;1;TORIBIO;Urbano;30651,00;0,003%
PELAYA;3;PELAYA;Urbano;18421,00;0,016%
EL COPEY;1;EL COPEY;Urbano;27000,00;0,004%
BAGADÓ;1;BAGADÓ;Urbano;7844,00;0,013%
TENA;2;TENA;Urbano;9638,00;0,021%
ZIPAQUIRÁ;7;ZIPAQUIRÁ;Urbano;132419,00;0,005%
GUASCA;1;GUASCA;Urbano;15967,00;0,006%
PALESTINA;3;PALESTINA;Urbano;17571,00;0,017%
SITIONUEVO;3;SITIONUEVO;Urbano;33440,00;0,009%
POTOSÍ;4;POTOSÍ;Urbano;11591,00;0,035%
VILLA DEL ROSARIO;5;VILLA DEL ROSARIO;Urbano;99113,00;0,005%
BARRANCABERMEJA;13;BARRANCABERMEJA;Urbano;191144,00;0,007%
SAN MARCOS;5;SAN MARCOS;Urbano;60735,00;0,008%
ALVARADO;4;ALVARADO;Urbano;8732,00;0,046%
HONDA;4;HONDA;Urbano;23590,00;0,017%
CUNDAY;5;CUNDAY;Urbano;9278,00;0,054%
ZARAGOZA;1;ZARAGOZA;Urbano;32628,00;0,003%
RIONEGRO;10;RIONEGRO;Urbano;130108,00;0,008%
ENVIGADO;8;ENVIGADO;Urbano;249009,00;0,003%
SABANALARGA;4;SABANALARGA;Urbano;8191,00;0,049%
MADRID;3;MADRID;Urbano;85090,00;0,004%
MORALES;3;MORALES;Urbano;22813,00;0,013%
GIRARDOT;2;GIRARDOT;Urbano;107796,00;0,002%
PUERTO COLOMBIA;3;PUERTO COLOMBIA;Urbano;26450,00;0,011%
MONTEBELLO;1;MONTEBELLO;Urbano;5589,00;0,018%
VALDIVIA;1;VALDIVIA;Urbano;25148,00;0,004%
GIRARDOTA;11;GIRARDOTA;Urbano;60611,00;0,018%
PUEBLORRICO;1;PUEBLORRICO;Urbano;6438,00;0,016%
NECHÍ;2;NECHÍ;Urbano;29957,00;0,007%
GALAPA;2;GALAPA;Urbano;48799,00;0,004%
POLONUEVO;1;POLONUEVO;Urbano;15876,00;0,006%
ALTOS DEL ROSARIO;2;ALTOS DEL ROSARIO;Urbano;15034,00;0,013%
COPER;1;COPER;Urbano;3405,00;0,029%
GUATEQUE;1;GUATEQUE;Urbano;9294,00;0,011%
BUSBANZÁ;1;BUSBANZÁ;Rural;1324,00;0,076%
TUNUNGUÁ;1;TUNUNGUÁ;Rural;1951,00;0,051%
GUAPI;5;GUAPI;Urbano;30042,00;0,017%
SAHAGÚN;5;SAHAGÚN;Urbano;90494,00;0,006%
LORICA;3;LORICA;Urbano;121793,00;0,002%
VILLETA;2;VILLETA;Urbano;25741,00;0,008%
UBALÁ;1;UBALÁ;Urbano;10071,00;0,010%
PUERTO SALGAR;3;PUERTO SALGAR;Urbano;20318,00;0,015%
COTA;2;COTA;Urbano;27496,00;0,007%
TELLO;3;TELLO;Urbano;14627,00;0,021%
GUAMAL;3;GUAMAL;Urbano;28541,00;0,011%
OLAYA HERRERA;10;OLAYA HERRERA;Urbano;33132,00;0,030%
BARBACOAS;5;BARBACOAS;Urbano;42193,00;0,012%
EL TABLÓN DE GÓMEZ;3;EL TABLÓN DE GÓMEZ;Urbano;12111,00;0,025%
PAMPLONA;1;PAMPLONA;Urbano;59334,00;0,002%
LEGUÍZAMO;2;LEGUÍZAMO;Urbano;15367,00;0,013%
SAN MIGUEL;3;SAN MIGUEL;Urbano;2235,00;0,134%
EL CARMEN DE CHUCURÍ;7;EL CARMEN DE CHUCURÍ;Urbano;21050,00;0,033%
TOLÚ VIEJO;1;TOLÚ VIEJO;Urbano;18892,00;0,005%
SAMPUÉS;3;SAMPUÉS;Urbano;38631,00;0,008%
CAJAMARCA;1;CAJAMARCA;Urbano;19580,00;0,005%
EL CERRITO;4;EL CERRITO;Urbano;58829,00;0,007%
OBANDO;3;OBANDO;Urbano;15406,00;0,019%
CAICEDONIA;2;CAICEDONIA;Urbano;29325,00;0,007%
LA CUMBRE;4;LA CUMBRE;Urbano;11781,00;0,034%
AGRADO;1;AGRADO;Urbano;9329,00;0,011%
CHITA;1;CHITA;Urbano;8946,00;0,011%
VILLA DE SAN DIEGO DE UBATE;4;VILLA DE SAN DIEGO DE UBATE;Urbano;39728,00;0,010%
SAN ONOFRE;7;SAN ONOFRE;Urbano;52463,00;0,013%
EL CARMEN DE VIBORAL;4;EL CARMEN DE VIBORAL;Urbano;49642,00;0,008%
PEÑOL;2;PEÑOL;Urbano;15629,00;0,013%
YOLOMBÓ;3;YOLOMBÓ;Urbano;26069,00;0,012%
MARINILLA;7;MARINILLA;Urbano;57403,00;0,012%
ISNOS;3;ISNOS;Urbano;28877,00;0,010%
TÚQUERRES;4;TÚQUERRES;Urbano;40038,00;0,010%
ARBOLEDA;1;ARBOLEDA;Urbano;7586,00;0,013%
VALLE DE SAN JUAN;2;VALLE DE SAN JUAN;Urbano;6443,00;0,031%
LETICIA;3;LETICIA;Urbano;42956,00;0,007%
NUEVA GRANADA;1;NUEVA GRANADA;Urbano;22121,00;0,005%
OCANA;4;OCANA;Urbano;101820,00;0,004%
YOTOCO;2;YOTOCO;Urbano;16633,00;0,012%
FUENTE DE ORO;3;FUENTE DE ORO;Urbano;14361,00;0,021%
CÁCERES;2;CÁCERES;Urbano;43239,00;0,005%
GÜICÁN;1;GÜICÁN;Urbano;6426,00;0,016%
AGUADAS;2;AGUADAS;Urbano;21043,00;0,010%
SANDONÁ;4;SANDONÁ;Urbano;25767,00;0,016%
SANTA ISABEL;1;SANTA ISABEL;Urbano;6273,00;0,016%
CHAPARRAL;7;CHAPARRAL;Urbano;47442,00;0,015%
MOSQUERA;5;MOSQUERA;Urbano;93461,00;0,005%
ANSERMANUEVO;1;ANSERMANUEVO;Urbano;19055,00;0,005%
GUARNE;3;GUARNE;Urbano;52129,00;0,006%
REMEDIOS;1;REMEDIOS;Urbano;32793,00;0,003%
SANTA ROSA DE OSOS;2;SANTA ROSA DE OSOS;Urbano;37864,00;0,005%
SANTO DOMINGO;1;SANTO DOMINGO;Urbano;9808,00;0,010%
SANTAFÉ DE ANTIOQUIA;4;SANTAFÉ DE ANTIOQUIA;Urbano;25395,00;0,016%
SARAVENA;15;SARAVENA;Urbano;48968,00;0,031%
ARAUQUITA;3;ARAUQUITA;Urbano;43339,00;0,007%
TURBANÁ;1;TURBANÁ;Urbano;15663,00;0,006%
PAZ DE RÍO;3;PAZ DE RÍO;Urbano;4391,00;0,068%
RAMIRIQUÍ;1;RAMIRIQUÍ;Urbano;9598,00;0,010%
SAMANÁ;1;SAMANÁ;Urbano;25800,00;0,004%
CHINCHINÁ;3;CHINCHINÁ;Urbano;50474,00;0,006%
PAZ DE ARIPORO;4;PAZ DE ARIPORO;Urbano;26117,00;0,015%
VILLANUEVA;5;VILLANUEVA;Urbano;20847,00;0,024%
PAEZ;4;PAEZ;Urbano;36977,00;0,011%
INZÁ;3;INZÁ;Urbano;32988,00;0,009%
MIRANDA;4;MIRANDA;Urbano;43333,00;0,009%
PIENDAMÓ;1;PIENDAMÓ;Urbano;46943,00;0,002%
JAMBALÓ;1;JAMBALÓ;Urbano;19374,00;0,005%
BOSCONIA;3;BOSCONIA;Urbano;40315,00;0,007%
LLORÓ;2;LLORÓ;Urbano;11637,00;0,017%
MEDIO BAUDÓ;1;MEDIO BAUDÓ;Urbano;14551,00;0,007%
UNIÓN PANAMERICANA;1;UNIÓN PANAMERICANA;Urbano;10386,00;0,010%
BAJO BAUDÓ;2;BAJO BAUDÓ;Urbano;17948,00;0,011%
AGUA DE DIOS;1;AGUA DE DIOS;Urbano;10534,00;0,009%
YACOPÍ;2;YACOPÍ;Urbano;17204,00;0,012%
GUTIÉRREZ;1;GUTIÉRREZ;Urbano;4456,00;0,022%
ALGARROBO;1;ALGARROBO;Urbano;13043,00;0,008%
EL BANCO;9;EL BANCO;Urbano;56255,00;0,016%
EL RETÉN;1;EL RETÉN;Urbano;22324,00;0,004%
ROBERTO PAYÁN;3;ROBERTO PAYÁN;Urbano;26163,00;0,011%
IPIALES;4;IPIALES;Urbano;154767,00;0,003%
VILLAGARZÓN;21;VILLAGARZÓN;Urbano;21626,00;0,097%
PUERTO CAICEDO;6;PUERTO CAICEDO;Urbano;14842,00;0,040%
PUERTO GUZMÁN;2;PUERTO GUZMÁN;Urbano;24551,00;0,008%
QUIMBAYA;3;QUIMBAYA;Urbano;35350,00;0,008%
MISTRATÓ;6;MISTRATÓ;Urbano;16904,00;0,035%
SAN BENITO ABAD;1;SAN BENITO ABAD;Urbano;26904,00;0,004%
SAN LUIS DE SINCÉ;3;SAN LUIS DE SINCÉ;Urbano;35374,00;0,008%
SANTIAGO DE TOLÚ;5;SANTIAGO DE TOLÚ;Urbano;36304,00;0,014%
COYAIMA;4;COYAIMA;Urbano;28481,00;0,014%
MELGAR;1;MELGAR;Urbano;37523,00;0,003%
CARURU;1;CARURU;Urbano;3350,00;0,030%
SAN JOSÉ DEL FRAGUA;2;SAN JOSÉ DEL FRAGUA;Urbano;15408,00;0,013%
PUERTO CONCORDIA;2;PUERTO CONCORDIA;Urbano;23708,00;0,008%
ESPINAL;10;ESPINAL;Urbano;75692,00;0,013%
LA DORADA;9;LA DORADA;Urbano;78949,00;0,011%
PASCA;2;PASCA;Urbano;12669,00;0,016%
MAJAGUAL;1;MAJAGUAL;Urbano;34205,00;0,003%
TAMALAMEQUE;1;TAMALAMEQUE;Urbano;13651,00;0,007%
ACEVEDO;4;ACEVEDO;Urbano;36649,00;0,011%
CARMEN DE APICALÁ;5;CARMEN DE APICALÁ;Urbano;9000,00;0,056%
ANGOSTURA;1;ANGOSTURA;Urbano;10832,00;0,009%
CUBARÁ;1;CUBARÁ;Urbano;6743,00;0,015%
MONTECRISTO;1;MONTECRISTO;Urbano;23853,00;0,004%
LA PAZ;3;LA PAZ;Urbano;23065,00;0,013%
SEVILLA;1;SEVILLA;Urbano;43738,00;0,002%
OLAYA;2;OLAYA;Urbano;3411,00;0,059%
CALDAS;5;CALDAS;Urbano;82234,00;0,006%
RETIRO;3;RETIRO;Urbano;20080,00;0,015%
PALMAR DE VARELA;1;PALMAR DE VARELA;Urbano;26021,00;0,004%
SAN CRISTÓBAL;1;SAN CRISTÓBAL;Urbano;6738,00;0,015%
SUPÍA;4;SUPÍA;Urbano;27687,00;0,014%
SOLITA;2;SOLITA;Urbano;9119,00;0,022%
OROCUÉ;2;OROCUÉ;Urbano;8489,00;0,024%
CHIRIGUANÁ;2;CHIRIGUANÁ;Urbano;18308,00;0,011%
GACHANCIPÁ;3;GACHANCIPÁ;Urbano;16457,00;0,018%
CHÍA;3;CHÍA;Urbano;141917,00;0,002%
SAN ANTONIO DEL TEQUENDAMA;1;SAN ANTONIO DEL TEQUENDAMA;Urbano;13397,00;0,007%
PITALITO;11;PITALITO;Urbano;138229,00;0,008%
PEDRAZA;1;PEDRAZA;Urbano;8137,00;0,012%
ZAPAYÁN;1;ZAPAYÁN;Urbano;8974,00;0,011%
LA CRUZ;1;LA CRUZ;Urbano;18313,00;0,005%
LA TEBAIDA;5;LA TEBAIDA;Urbano;47412,00;0,011%
CALARCA;9;CALARCA;Urbano;79569,00;0,011%
LEBRÍJA;5;LEBRÍJA;Urbano;42895,00;0,012%
GUAMO;3;GUAMO;Urbano;31089,00;0,010%
COELLO;1;COELLO;Urbano;10120,00;0,010%
TRUJILLO;2;TRUJILLO;Urbano;17798,00;0,011%
VIJES;2;VIJES;Urbano;11673,00;0,017%
CALIMA;2;CALIMA;Urbano;15898,00;0,013%
CIMITARRA;6;CIMITARRA;Urbano;50892,00;0,012%
EL PIÑON;1;EL PIÑON;Urbano;16709,00;0,006%
VILLAMARÍA;1;VILLAMARÍA;Urbano;61871,00;0,002%
SALDAÑA;1;SALDAÑA;Urbano;14111,00;0,007%
TOCA;3;TOCA;Urbano;9902,00;0,030%
SANTA ROSA DE CABAL;2;SANTA ROSA DE CABAL;Urbano;73231,00;0,003%
BARBOSA;4;BARBOSA;Urbano;53943,00;0,007%
LA CEJA;1;LA CEJA;Urbano;55843,00;0,002%
CLEMENCIA;1;CLEMENCIA;Urbano;13056,00;0,008%
SIMITÍ;1;SIMITÍ;Urbano;22012,00;0,005%
MILÁN;1;MILÁN;Urbano;11885,00;0,008%
CAJICÁ;2;CAJICÁ;Urbano;62713,00;0,003%
LA PALMA;2;LA PALMA;Urbano;11198,00;0,018%
FUNZA;2;FUNZA;Urbano;82321,00;0,002%
TABIO;1;TABIO;Urbano;30419,00;0,003%
TANGUA;2;TANGUA;Urbano;8999,00;0,022%
SARDINATA;2;SARDINATA;Urbano;22570,00;0,009%
SALAMINA;2;SALAMINA;Urbano;15090,00;0,013%
PUERTO WILCHES;4;PUERTO WILCHES;Urbano;31509,00;0,013%
EL DOVIO;1;EL DOVIO;Urbano;8052,00;0,012%
CAUCASIA;7;CAUCASIA;Urbano;126161,00;0,006%
LÍBANO;2;LÍBANO;Urbano;39459,00;0,005%
SAN AGUSTÍN;4;SAN AGUSTÍN;Urbano;34420,00;0,012%
ALBANIA;2;ALBANIA;Urbano;6429,00;0,031%
SAN JOSE DE URE;1;SAN JOSE DE URE;Urbano;11934,00;0,008%
QUINCHÍA;1;QUINCHÍA;Urbano;34069,00;0,003%
TURBACO;1;TURBACO;Urbano;77181,00;0,001%
SAN JUAN DEL CESAR;3;SAN JUAN DEL CESAR;Urbano;40069,00;0,007%
SOPETRÁN;1;SOPETRÁN;Urbano;15279,00;0,007%
EL SANTUARIO;2;EL SANTUARIO;Urbano;27359,00;0,007%
PANQUEBA;2;PANQUEBA;Rural;1333,00;0,150%
MARULANDA;1;MARULANDA;Urbano;3374,00;0,030%
GARZÓN;7;GARZÓN;Urbano;98383,00;0,007%
CHIBOLO;1;CHIBOLO;Urbano;14775,00;0,007%
ANDALUCÍA;3;ANDALUCÍA;Urbano;17685,00;0,017%
DAGUA;7;DAGUA;Urbano;37006,00;0,019%
EL ZULIA;1;EL ZULIA;Urbano;24186,00;0,004%
ACHÍ;1;ACHÍ;Urbano;25086,00;0,004%
PUERTO BOYACÁ;3;PUERTO BOYACÁ;Urbano;57348,00;0,005%
SATIVANORTE;1;SATIVANORTE;Urbano;2133,00;0,047%
MANZANARES;1;MANZANARES;Urbano;22457,00;0,004%
ROSAS;2;ROSAS;Urbano;13669,00;0,015%
TIMBIQUÍ;4;TIMBIQUÍ;Urbano;22166,00;0,018%
LA VEGA;2;LA VEGA;Urbano;47791,00;0,004%
TAUSA;1;TAUSA;Urbano;9287,00;0,011%
HOBO;1;HOBO;Urbano;7066,00;0,014%
SANTA BÁRBARA;1;SANTA BÁRBARA;Urbano;21238,00;0,005%
CHARTA;1;CHARTA;Urbano;2475,00;0,040%
CONCEPCIÓN;1;CONCEPCIÓN;Urbano;3030,00;0,033%
YALÍ;1;YALÍ;Urbano;8771,00;0,011%
TIBASOSA;1;TIBASOSA;Urbano;14745,00;0,007%
RIOSUCIO;5;RIOSUCIO;Urbano;65372,00;0,008%
PENSILVANIA;2;PENSILVANIA;Urbano;26349,00;0,008%
BALBOA;1;BALBOA;Urbano;26538,00;0,004%
MEDIO SAN JUAN;2;MEDIO SAN JUAN;Urbano;18268,00;0,011%
SAN PELAYO;1;SAN PELAYO;Urbano;45816,00;0,002%
MOÑITOS;1;MOÑITOS;Urbano;29512,00;0,003%
GUAYABETAL;1;GUAYABETAL;Urbano;5027,00;0,020%
LA PEÑA;1;LA PEÑA;Urbano;7058,00;0,014%
SANTA MARÍA;1;SANTA MARÍA;Urbano;3675,00;0,027%
COLÓN;3;COLÓN;Urbano;10296,00;0,029%
LA VIRGINIA;5;LA VIRGINIA;Urbano;32403,00;0,015%
VENADILLO;1;VENADILLO;Urbano;19872,00;0,005%
ZARZAL;2;ZARZAL;Urbano;47522,00;0,004%
ANSERMA;2;ANSERMA;Urbano;33146,00;0,006%
MUTATÁ;1;MUTATÁ;Urbano;22992,00;0,004%
CÉRTEGUI;1;CÉRTEGUI;Urbano;10274,00;0,010%
VALENCIA;1;VALENCIA;Urbano;47869,00;0,002%
TARQUI;1;TARQUI;Urbano;18437,00;0,005%
URIBE;1;URIBE;Urbano;18129,00;0,006%
PLANADAS;8;PLANADAS;Urbano;30165,00;0,027%
SANTACRUZ;1;SANTACRUZ;Urbano;32832,00;0,003%
LA MONTAÑITA;2;LA MONTAÑITA;Urbano;24510,00;0,008%
SAN LUIS DE PALENQUE;1;SAN LUIS DE PALENQUE;Urbano;8003,00;0,012%
APULO;1;APULO;Urbano;7813,00;0,013%
GUAYABAL DE SIQUIMA;1;GUAYABAL DE SIQUIMA;Urbano;3679,00;0,027%
VALLE DEL GUAMUEZ;2;VALLE DEL GUAMUEZ;Urbano;54819,00;0,004%
YARUMAL;3;YARUMAL;Urbano;49654,00;0,006%
PUERTO BERRÍO;3;PUERTO BERRÍO;Urbano;51079,00;0,006%
BARANOA;1;BARANOA;Urbano;60634,00;0,002%
ZAMBRANO;1;ZAMBRANO;Urbano;11989,00;0,008%
EL PAUJIL;1;EL PAUJIL;Urbano;21772,00;0,005%
LA JAGUA DE IBIRICO;4;LA JAGUA DE IBIRICO;Urbano;22440,00;0,018%
GAMARRA;2;GAMARRA;Urbano;17680,00;0,011%
LOS CÓRDOBAS;1;LOS CÓRDOBAS;Urbano;27466,00;0,004%
BARRANCAS;1;BARRANCAS;Urbano;38232,00;0,003%
GUARANDA;1;GUARANDA;Urbano;18608,00;0,005%
HERVEO;2;HERVEO;Urbano;7594,00;0,026%
TIMBÍO;1;TIMBÍO;Urbano;35943,00;0,003%
CIUDAD BOLÍVAR;2;CIUDAD BOLÍVAR;Urbano;26434,00;0,008%
HISPANIA;1;HISPANIA;Urbano;4895,00;0,020%
BETULIA;3;BETULIA;Urbano;17815,00;0,017%
PONEDERA;1;PONEDERA;Urbano;23913,00;0,004%
TÓPAGA;2;TÓPAGA;Urbano;3689,00;0,054%
TOTA;1;TOTA;Urbano;5180,00;0,019%
SUTAMARCHÁN;1;SUTAMARCHÁN;Urbano;5771,00;0,017%
ÚTICA;1;ÚTICA;Urbano;5050,00;0,020%
SOPÓ;1;SOPÓ;Urbano;29714,00;0,003%
INÍRIDA;2;INÍRIDA;Urbano;20646,00;0,010%
SAN ZENÓN;1;SAN ZENÓN;Urbano;9229,00;0,011%
CIRCASIA;1;CIRCASIA;Urbano;31166,00;0,003%
CURITÍ;1;CURITÍ;Urbano;12104,00;0,008%
DOLORES;1;DOLORES;Urbano;7643,00;0,013%
TORO;2;TORO;Urbano;16744,00;0,012%
BECERRIL;1;BECERRIL;Urbano;13116,00;0,008%
ANOLAIMA;1;ANOLAIMA;Urbano;11788,00;0,008%
SANTA SOFÍA;1;SANTA SOFÍA;Urbano;2514,00;0,040%
TERUEL;1;TERUEL;Urbano;8960,00;0,011%
VÉLEZ;1;VÉLEZ;Urbano;18746,00;0,005%
LOS SANTOS;1;LOS SANTOS;Urbano;12772,00;0,008%
SAN VICENTE;2;SAN VICENTE;Urbano;16047,00;0,012%
CONCORDIA;2;CONCORDIA;Urbano;20158,00;0,010%
NUNCHÍA;1;NUNCHÍA;Urbano;9000,00;0,011%
SALAZAR;1;SALAZAR;Urbano;8806,00;0,011%
LOS PALMITOS;1;LOS PALMITOS;Urbano;19194,00;0,005%
RÁQUIRA;1;RÁQUIRA;Urbano;14178,00;0,007%
BELÉN DE LOS ANDAQUIES;2;BELÉN DE LOS ANDAQUIES;Urbano;11836,00;0,017%
SUÁREZ;1;SUÁREZ;Urbano;18310,00;0,005%
ATRATO;3;ATRATO;Urbano;11337,00;0,026%
MARSELLA;1;MARSELLA;Urbano;24342,00;0,004%
CHIPATÁ;1;CHIPATÁ;Urbano;5042,00;0,020%
CAQUEZA;1;CAQUEZA;Urbano;17492,00;0,006%
MARMATO;1;MARMATO;Urbano;9430,00;0,011%
SANTO TOMÁS;2;SANTO TOMÁS;Urbano;25878,00;0,008%
MAHATES;1;MAHATES;Urbano;27446,00;0,004%
OTANCHE;1;OTANCHE;Urbano;10701,00;0,009%
SUSA;1;SUSA;Urbano;13804,00;0,007%
ORITO;2;ORITO;Urbano;59283,00;0,003%
SAN PEDRO;1;SAN PEDRO;Urbano;28901,00;0,003%
NUQUÍ;4;NUQUÍ;Urbano;9068,00;0,044%
LA PINTADA;1;LA PINTADA;Urbano;6289,00;0,016%
TÁMESIS;1;TÁMESIS;Urbano;13890,00;0,007%
VILLAVIEJA;2;VILLAVIEJA;Urbano;7302,00;0,027%
EL DORADO;2;EL DORADO;Urbano;3462,00;0,058%
ICONONZO;1;ICONONZO;Urbano;10500,00;0,010%
SOCHA;1;SOCHA;Urbano;6870,00;0,015%
CAREPA;1;CAREPA;Urbano;63141,00;0,002%
PUERTO RICO;1;PUERTO RICO;Urbano;33765,00;0,003%
HATO COROZAL;1;HATO COROZAL;Urbano;13225,00;0,008%
CAJIBÍO;1;CAJIBÍO;Urbano;38932,00;0,003%
PADILLA;1;PADILLA;Urbano;7629,00;0,013%
CHINÚ;1;CHINÚ;Urbano;50743,00;0,002%
VIOTÁ;1;VIOTÁ;Urbano;13304,00;0,008%
PAICOL;1;PAICOL;Urbano;5779,00;0,017%
YACUANQUER;1;YACUANQUER;Urbano;11413,00;0,009%
BARICHARA;1;BARICHARA;Urbano;6959,00;0,014%
PIEDRAS;1;PIEDRAS;Urbano;5725,00;0,017%
ROLDANILLO;1;ROLDANILLO;Urbano;31845,00;0,003%
ASTREA;1;ASTREA;Urbano;19425,00;0,005%
ALPUJARRA;1;ALPUJARRA;Urbano;4917,00;0,020%
VITERBO;1;VITERBO;Urbano;12385,00;0,008%
SIBATÉ;1;SIBATÉ;Urbano;41975,00;0,002%
GUADUAS;1;GUADUAS;Urbano;41838,00;0,002%
CERRO SAN ANTONIO;1;CERRO SAN ANTONIO;Urbano;7656,00;0,013%
CUBARRAL;1;CUBARRAL;Urbano;6341,00;0,016%
LOS ANDES;5;LOS ANDES;Urbano;21238,00;0,024%
BUESACO;1;BUESACO;Urbano;26505,00;0,004%
SIMACOTA;1;SIMACOTA;Urbano;7297,00;0,014%
PURIFICACIÓN;1;PURIFICACIÓN;Urbano;29893,00;0,003%
JENESANO;1;JENESANO;Urbano;7725,00;0,013%
SAN ANDRÉS DE CUERQUÍA;1;SAN ANDRÉS DE CUERQUÍA;Urbano;5702,00;0,018%
